,avg_reward,std_reward,avg_len
A2C,9.10899524762337,17.304509597148968,13.84
PPO,9.460754170066485,14.87131723420094,13.8
DQN,10.993092917179135,14.965045821459963,14.42
